"dec_lon","dec_lat"
15.482289,-2.505624
15.486769,-2.505624
15.486769,-2.501048
15.482289,-2.501048
