"dec_lon","dec_lat"
18.0822900343163,-2.50461893969601
18.0867688259608,-2.50461893969601
18.0867688259608,-2.50005686099125
18.0822900343163,-2.50005686099125
